src,dst,tx_time_ns,rx_time_ns,delay_ns,kind
2,3,45.000,235.000,190.000,P2P
3,0,45.000,435.000,390.000,P2P
0,1,45.000,635.000,590.000,P2P
1,2,45.000,835.000,790.000,P2P
0,1,665.000,1435.000,770.000,BROADCAST
0,2,665.000,1435.000,770.000,BROADCAST
0,3,665.000,1435.000,770.000,BROADCAST
3,1,1265.000,2035.000,770.000,BROADCAST
3,2,1265.000,2035.000,770.000,BROADCAST
3,0,1265.000,2035.000,770.000,BROADCAST
1,0,3265.000,4035.000,770.000,P2P
2,0,3465.000,4235.000,770.000,P2P
0,2,3865.000,4635.000,770.000,P2P
2,1,4265.000,5035.000,770.000,P2P
3,0,4465.000,5235.000,770.000,P2P
2,1,5065.000,5835.000,770.000,P2P
3,1,5265.000,6035.000,770.000,P2P
0,1,5465.000,6235.000,770.000,BROADCAST
0,2,5465.000,6235.000,770.000,BROADCAST
0,3,5465.000,6235.000,770.000,BROADCAST
1,0,5665.000,6435.000,770.000,P2P
0,1,6265.000,7035.000,770.000,P2P
1,0,6465.000,7235.000,770.000,P2P
2,1,6665.000,7435.000,770.000,P2P
1,3,7265.000,8035.000,770.000,P2P
2,3,7465.000,8235.000,770.000,P2P
3,0,7665.000,8435.000,770.000,P2P
1,2,8065.000,8835.000,770.000,P2P
3,1,8465.000,9235.000,770.000,P2P
0,2,8665.000,9435.000,770.000,P2P
3,0,9265.000,10035.000,770.000,P2P
1,2,9665.000,10435.000,770.000,P2P
2,1,9865.000,10635.000,770.000,P2P
0,1,10265.000,11035.000,770.000,P2P
1,0,10465.000,11235.000,770.000,P2P
2,0,11465.000,12235.000,770.000,P2P
3,0,11665.000,12435.000,770.000,P2P
0,3,11865.000,12635.000,770.000,P2P
1,3,12065.000,12835.000,770.000,P2P
0,2,12665.000,13435.000,770.000,P2P
1,3,12865.000,13635.000,770.000,P2P
2,1,13065.000,13835.000,770.000,BROADCAST
2,3,13065.000,13835.000,770.000,BROADCAST
2,0,13065.000,13835.000,770.000,BROADCAST
2,1,14665.000,15435.000,770.000,P2P
3,1,15665.000,16435.000,770.000,BROADCAST
3,2,15665.000,16435.000,770.000,BROADCAST
3,0,15665.000,16435.000,770.000,BROADCAST
0,2,15865.000,16635.000,770.000,P2P
0,1,16665.000,17435.000,770.000,BROADCAST
0,2,16665.000,17435.000,770.000,BROADCAST
0,3,16665.000,17435.000,770.000,BROADCAST
1,2,16865.000,17635.000,770.000,BROADCAST
1,3,16865.000,17635.000,770.000,BROADCAST
1,0,16865.000,17635.000,770.000,BROADCAST
3,1,17265.000,18035.000,770.000,P2P
1,2,17665.000,18435.000,770.000,P2P
2,1,17865.000,18635.000,770.000,BROADCAST
2,3,17865.000,18635.000,770.000,BROADCAST
2,0,17865.000,18635.000,770.000,BROADCAST
3,1,18065.000,18835.000,770.000,BROADCAST
3,2,18065.000,18835.000,770.000,BROADCAST
3,0,18065.000,18835.000,770.000,BROADCAST
1,2,18465.000,19235.000,770.000,BROADCAST
1,3,18465.000,19235.000,770.000,BROADCAST
1,0,18465.000,19235.000,770.000,BROADCAST
3,1,18865.000,19635.000,770.000,BROADCAST
3,2,18865.000,19635.000,770.000,BROADCAST
3,0,18865.000,19635.000,770.000,BROADCAST
1,0,19265.000,20035.000,770.000,P2P
2,0,19465.000,20235.000,770.000,P2P
3,1,19665.000,20435.000,770.000,P2P
0,2,19865.000,20635.000,770.000,P2P
1,2,20065.000,20835.000,770.000,P2P
2,3,20265.000,21035.000,770.000,P2P
1,3,20865.000,21635.000,770.000,P2P
2,3,21065.000,21835.000,770.000,P2P
0,2,21465.000,22235.000,770.000,P2P
1,2,21665.000,22435.000,770.000,BROADCAST
1,3,21665.000,22435.000,770.000,BROADCAST
1,0,21665.000,22435.000,770.000,BROADCAST
2,1,21865.000,22635.000,770.000,BROADCAST
2,3,21865.000,22635.000,770.000,BROADCAST
2,0,21865.000,22635.000,770.000,BROADCAST
0,1,22265.000,23035.000,770.000,P2P
1,3,22465.000,23235.000,770.000,P2P
2,0,22665.000,23435.000,770.000,P2P
3,2,22865.000,23635.000,770.000,P2P
1,0,23265.000,24035.000,770.000,P2P
0,1,23865.000,24635.000,770.000,P2P
1,2,24065.000,24835.000,770.000,P2P
3,2,24465.000,25235.000,770.000,P2P
0,1,24665.000,25435.000,770.000,P2P
2,3,25065.000,25835.000,770.000,P2P
1,3,25665.000,26435.000,770.000,P2P
0,1,26265.000,27035.000,770.000,BROADCAST
0,2,26265.000,27035.000,770.000,BROADCAST
0,3,26265.000,27035.000,770.000,BROADCAST
1,0,26465.000,27235.000,770.000,P2P
3,2,26865.000,27635.000,770.000,P2P
3,0,27665.000,28435.000,770.000,P2P
3,2,28465.000,29235.000,770.000,P2P
0,1,28665.000,29435.000,770.000,BROADCAST
0,2,28665.000,29435.000,770.000,BROADCAST
0,3,28665.000,29435.000,770.000,BROADCAST
1,2,28865.000,29635.000,770.000,P2P
2,3,29065.000,29835.000,770.000,P2P
3,0,29265.000,30035.000,770.000,P2P
1,3,29665.000,30435.000,770.000,P2P
2,3,29865.000,30635.000,770.000,P2P
3,1,30065.000,30835.000,770.000,BROADCAST
3,2,30065.000,30835.000,770.000,BROADCAST
3,0,30065.000,30835.000,770.000,BROADCAST
2,0,30665.000,31435.000,770.000,P2P
3,1,30865.000,31635.000,770.000,BROADCAST
3,2,30865.000,31635.000,770.000,BROADCAST
3,0,30865.000,31635.000,770.000,BROADCAST
0,1,31065.000,31835.000,770.000,BROADCAST
0,2,31065.000,31835.000,770.000,BROADCAST
0,3,31065.000,31835.000,770.000,BROADCAST
2,1,31465.000,32235.000,770.000,P2P
0,2,31865.000,32635.000,770.000,P2P
2,3,32265.000,33035.000,770.000,P2P
0,2,32665.000,33435.000,770.000,P2P
0,1,33465.000,34235.000,770.000,BROADCAST
0,2,33465.000,34235.000,770.000,BROADCAST
0,3,33465.000,34235.000,770.000,BROADCAST
1,0,33665.000,34435.000,770.000,P2P
2,1,33865.000,34635.000,770.000,P2P
3,1,34065.000,34835.000,770.000,P2P
1,2,34465.000,35235.000,770.000,BROADCAST
1,3,34465.000,35235.000,770.000,BROADCAST
1,0,34465.000,35235.000,770.000,BROADCAST
1,0,35265.000,36035.000,770.000,P2P
2,1,35465.000,36235.000,770.000,P2P
0,1,35865.000,36635.000,770.000,P2P
3,2,36465.000,37235.000,770.000,P2P
0,3,36665.000,37435.000,770.000,P2P
2,1,37065.000,37835.000,770.000,P2P
3,1,37265.000,38035.000,770.000,P2P
0,2,37465.000,38235.000,770.000,P2P
2,1,37865.000,38635.000,770.000,BROADCAST
2,3,37865.000,38635.000,770.000,BROADCAST
2,0,37865.000,38635.000,770.000,BROADCAST
3,1,38065.000,38835.000,770.000,P2P
0,3,38265.000,39035.000,770.000,P2P
2,0,38665.000,39435.000,770.000,P2P
3,1,38865.000,39635.000,770.000,P2P
1,3,39265.000,40035.000,770.000,P2P
2,0,39465.000,40235.000,770.000,P2P
0,3,39865.000,40635.000,770.000,P2P
1,3,40065.000,40835.000,770.000,P2P
2,1,40265.000,41035.000,770.000,BROADCAST
2,3,40265.000,41035.000,770.000,BROADCAST
2,0,40265.000,41035.000,770.000,BROADCAST
3,0,40465.000,41235.000,770.000,P2P
0,1,40665.000,41435.000,770.000,P2P
2,1,41065.000,41835.000,770.000,BROADCAST
2,3,41065.000,41835.000,770.000,BROADCAST
2,0,41065.000,41835.000,770.000,BROADCAST
0,2,41465.000,42235.000,770.000,P2P
1,3,41665.000,42435.000,770.000,P2P
0,1,42265.000,43035.000,770.000,P2P
2,3,42665.000,43435.000,770.000,P2P
3,1,42865.000,43635.000,770.000,P2P
2,0,43465.000,44235.000,770.000,P2P
1,3,44065.000,44835.000,770.000,P2P
1,0,44865.000,45635.000,770.000,P2P
2,0,45065.000,45835.000,770.000,P2P
0,2,45465.000,46235.000,770.000,P2P
1,3,45665.000,46435.000,770.000,P2P
2,0,45865.000,46635.000,770.000,P2P
0,1,46265.000,47035.000,770.000,P2P
1,3,46465.000,47235.000,770.000,P2P
2,3,46665.000,47435.000,770.000,P2P
3,0,46865.000,47635.000,770.000,P2P
0,2,47065.000,47835.000,770.000,P2P
2,1,47465.000,48235.000,770.000,P2P
3,0,47665.000,48435.000,770.000,P2P
0,3,47865.000,48635.000,770.000,P2P
2,1,48265.000,49035.000,770.000,P2P
3,0,48465.000,49235.000,770.000,P2P
0,1,48665.000,49435.000,770.000,BROADCAST
0,2,48665.000,49435.000,770.000,BROADCAST
0,3,48665.000,49435.000,770.000,BROADCAST
1,2,48865.000,49635.000,770.000,P2P
2,3,49065.000,49835.000,770.000,P2P
3,0,49265.000,50035.000,770.000,P2P
1,0,49665.000,50435.000,770.000,P2P
2,1,49865.000,50635.000,770.000,BROADCAST
2,3,49865.000,50635.000,770.000,BROADCAST
2,0,49865.000,50635.000,770.000,BROADCAST
3,2,50065.000,50835.000,770.000,P2P
0,1,50265.000,51035.000,770.000,P2P
3,1,50865.000,51635.000,770.000,P2P
0,3,51065.000,51835.000,770.000,P2P
1,2,51265.000,52035.000,770.000,P2P
2,3,51465.000,52235.000,770.000,P2P
0,2,51865.000,52635.000,770.000,P2P
3,1,52465.000,53235.000,770.000,P2P
2,1,53065.000,53835.000,770.000,P2P
3,0,53265.000,54035.000,770.000,P2P
1,3,53665.000,54435.000,770.000,P2P
3,1,54065.000,54835.000,770.000,P2P
1,3,54465.000,55235.000,770.000,P2P
0,2,55065.000,55835.000,770.000,P2P
1,2,55265.000,56035.000,770.000,BROADCAST
1,3,55265.000,56035.000,770.000,BROADCAST
1,0,55265.000,56035.000,770.000,BROADCAST
2,0,55465.000,56235.000,770.000,P2P
1,2,56065.000,56835.000,770.000,P2P
3,0,56465.000,57235.000,770.000,P2P
0,2,56665.000,57435.000,770.000,P2P
1,0,56865.000,57635.000,770.000,P2P
2,1,57065.000,57835.000,770.000,BROADCAST
2,3,57065.000,57835.000,770.000,BROADCAST
2,0,57065.000,57835.000,770.000,BROADCAST
0,3,57465.000,58235.000,770.000,P2P
1,0,57665.000,58435.000,770.000,P2P
2,1,57865.000,58635.000,770.000,P2P
0,3,58265.000,59035.000,770.000,P2P
1,2,58465.000,59235.000,770.000,P2P
0,3,59065.000,59835.000,770.000,P2P
1,2,59265.000,60035.000,770.000,BROADCAST
1,3,59265.000,60035.000,770.000,BROADCAST
1,0,59265.000,60035.000,770.000,BROADCAST
2,3,60265.000,61035.000,770.000,P2P
3,2,60465.000,61235.000,770.000,P2P
0,1,60665.000,61435.000,770.000,P2P
1,2,60865.000,61635.000,770.000,BROADCAST
1,3,60865.000,61635.000,770.000,BROADCAST
1,0,60865.000,61635.000,770.000,BROADCAST
2,0,61065.000,61835.000,770.000,P2P
3,0,61265.000,62035.000,770.000,P2P
1,0,61665.000,62435.000,770.000,P2P
2,3,61865.000,62635.000,770.000,P2P
3,2,62065.000,62835.000,770.000,P2P
0,3,62265.000,63035.000,770.000,P2P
1,2,62465.000,63235.000,770.000,P2P
3,1,62865.000,63635.000,770.000,BROADCAST
3,2,62865.000,63635.000,770.000,BROADCAST
3,0,62865.000,63635.000,770.000,BROADCAST
0,2,63065.000,63835.000,770.000,P2P
1,3,63265.000,64035.000,770.000,P2P
2,0,63465.000,64235.000,770.000,P2P
0,1,63865.000,64635.000,770.000,P2P
2,1,64265.000,65035.000,770.000,P2P
0,3,64665.000,65435.000,770.000,P2P
3,1,65265.000,66035.000,770.000,P2P
3,1,66065.000,66835.000,770.000,P2P
0,3,66265.000,67035.000,770.000,P2P
1,0,66465.000,67235.000,770.000,P2P
2,1,66665.000,67435.000,770.000,BROADCAST
2,3,66665.000,67435.000,770.000,BROADCAST
2,0,66665.000,67435.000,770.000,BROADCAST
0,1,67065.000,67835.000,770.000,P2P
1,2,67265.000,68035.000,770.000,P2P
3,0,67665.000,68435.000,770.000,P2P
0,3,67865.000,68635.000,770.000,P2P
0,1,68665.000,69435.000,770.000,P2P
1,0,68865.000,69635.000,770.000,P2P
2,1,69065.000,69835.000,770.000,BROADCAST
2,3,69065.000,69835.000,770.000,BROADCAST
2,0,69065.000,69835.000,770.000,BROADCAST
1,0,69665.000,70435.000,770.000,P2P
3,1,70065.000,70835.000,770.000,P2P
0,1,70265.000,71035.000,770.000,P2P
2,1,70665.000,71435.000,770.000,P2P
3,1,70865.000,71635.000,770.000,P2P
0,3,71065.000,71835.000,770.000,P2P
1,0,71265.000,72035.000,770.000,P2P
2,0,71465.000,72235.000,770.000,P2P
3,1,71665.000,72435.000,770.000,P2P
1,2,72065.000,72835.000,770.000,BROADCAST
1,3,72065.000,72835.000,770.000,BROADCAST
1,0,72065.000,72835.000,770.000,BROADCAST
2,3,72265.000,73035.000,770.000,P2P
1,3,72865.000,73635.000,770.000,P2P
1,3,73665.000,74435.000,770.000,P2P
2,1,73865.000,74635.000,770.000,BROADCAST
2,3,73865.000,74635.000,770.000,BROADCAST
2,0,73865.000,74635.000,770.000,BROADCAST
0,1,74265.000,75035.000,770.000,P2P
3,0,75665.000,76435.000,770.000,P2P
0,2,75865.000,76635.000,770.000,P2P
3,1,76465.000,77235.000,770.000,P2P
0,3,76665.000,77435.000,770.000,P2P
1,2,76865.000,77635.000,770.000,P2P
3,0,77265.000,78035.000,770.000,P2P
2,3,77865.000,78635.000,770.000,P2P
3,1,78065.000,78835.000,770.000,P2P
1,2,78465.000,79235.000,770.000,P2P
0,1,79065.000,79835.000,770.000,BROADCAST
0,2,79065.000,79835.000,770.000,BROADCAST
0,3,79065.000,79835.000,770.000,BROADCAST
1,0,79265.000,80035.000,770.000,P2P
2,3,79465.000,80235.000,770.000,P2P
3,1,79665.000,80435.000,770.000,BROADCAST
3,2,79665.000,80435.000,770.000,BROADCAST
3,0,79665.000,80435.000,770.000,BROADCAST
2,3,80265.000,81035.000,770.000,P2P
3,1,80465.000,81235.000,770.000,P2P
2,0,81065.000,81835.000,770.000,P2P
0,2,81465.000,82235.000,770.000,P2P
1,2,81665.000,82435.000,770.000,P2P
1,3,82465.000,83235.000,770.000,P2P
3,1,82865.000,83635.000,770.000,P2P
0,1,83065.000,83835.000,770.000,P2P
2,3,83465.000,84235.000,770.000,P2P
3,2,83665.000,84435.000,770.000,P2P
0,1,83865.000,84635.000,770.000,BROADCAST
0,2,83865.000,84635.000,770.000,BROADCAST
0,3,83865.000,84635.000,770.000,BROADCAST
1,0,84065.000,84835.000,770.000,P2P
2,0,84265.000,85035.000,770.000,P2P
3,1,84465.000,85235.000,770.000,P2P
0,1,84665.000,85435.000,770.000,BROADCAST
0,2,84665.000,85435.000,770.000,BROADCAST
0,3,84665.000,85435.000,770.000,BROADCAST
2,0,85065.000,85835.000,770.000,P2P
3,0,85265.000,86035.000,770.000,P2P
0,2,85465.000,86235.000,770.000,P2P
1,3,85665.000,86435.000,770.000,P2P
2,1,85865.000,86635.000,770.000,P2P
0,3,86265.000,87035.000,770.000,P2P
1,2,86465.000,87235.000,770.000,BROADCAST
1,3,86465.000,87235.000,770.000,BROADCAST
1,0,86465.000,87235.000,770.000,BROADCAST
3,2,86865.000,87635.000,770.000,P2P
0,2,87065.000,87835.000,770.000,P2P
1,3,87265.000,88035.000,770.000,P2P
2,0,87465.000,88235.000,770.000,P2P
3,1,87665.000,88435.000,770.000,P2P
0,3,87865.000,88635.000,770.000,P2P
1,2,88065.000,88835.000,770.000,BROADCAST
1,3,88065.000,88835.000,770.000,BROADCAST
1,0,88065.000,88835.000,770.000,BROADCAST
2,1,88265.000,89035.000,770.000,P2P
3,2,88465.000,89235.000,770.000,P2P
2,1,89065.000,89835.000,770.000,P2P
0,1,89465.000,90235.000,770.000,P2P
1,3,89665.000,90435.000,770.000,P2P
1,3,90465.000,91235.000,770.000,P2P
1,3,91265.000,92035.000,770.000,P2P
2,1,91465.000,92235.000,770.000,P2P
3,1,91665.000,92435.000,770.000,P2P
0,1,91865.000,92635.000,770.000,BROADCAST
0,2,91865.000,92635.000,770.000,BROADCAST
0,3,91865.000,92635.000,770.000,BROADCAST
2,1,92265.000,93035.000,770.000,P2P
3,2,92465.000,93235.000,770.000,P2P
1,3,92865.000,93635.000,770.000,P2P
3,0,93265.000,94035.000,770.000,P2P
0,2,93465.000,94235.000,770.000,P2P
1,3,93665.000,94435.000,770.000,P2P
2,3,93865.000,94635.000,770.000,P2P
0,1,94265.000,95035.000,770.000,P2P
1,0,94465.000,95235.000,770.000,P2P
0,3,95065.000,95835.000,770.000,P2P
1,3,95265.000,96035.000,770.000,P2P
2,0,95465.000,96235.000,770.000,P2P
0,2,95865.000,96635.000,770.000,P2P
3,1,96465.000,97235.000,770.000,P2P
0,2,96665.000,97435.000,770.000,P2P
3,1,97265.000,98035.000,770.000,BROADCAST
3,2,97265.000,98035.000,770.000,BROADCAST
3,0,97265.000,98035.000,770.000,BROADCAST
0,3,97465.000,98235.000,770.000,P2P
1,0,97665.000,98435.000,770.000,P2P
3,2,98065.000,98835.000,770.000,P2P
0,3,98265.000,99035.000,770.000,P2P
3,1,98865.000,99635.000,770.000,P2P
1,3,99265.000,100035.000,770.000,P2P
2,1,99465.000,100235.000,770.000,P2P
3,0,99665.000,100435.000,770.000,P2P
0,2,99865.000,100635.000,770.000,P2P
1,2,100065.000,100835.000,770.000,P2P
2,3,100265.000,101035.000,770.000,P2P
0,1,100665.000,101435.000,770.000,P2P
1,2,100865.000,101635.000,770.000,P2P
3,1,101265.000,102035.000,770.000,P2P
1,0,101665.000,102435.000,770.000,P2P
0,1,102265.000,103035.000,770.000,BROADCAST
0,2,102265.000,103035.000,770.000,BROADCAST
0,3,102265.000,103035.000,770.000,BROADCAST
1,2,102465.000,103235.000,770.000,P2P
2,3,102665.000,103435.000,770.000,P2P
3,1,102865.000,103635.000,770.000,BROADCAST
3,2,102865.000,103635.000,770.000,BROADCAST
3,0,102865.000,103635.000,770.000,BROADCAST
0,1,103065.000,103835.000,770.000,BROADCAST
0,2,103065.000,103835.000,770.000,BROADCAST
0,3,103065.000,103835.000,770.000,BROADCAST
2,3,103465.000,104235.000,770.000,P2P
3,0,103665.000,104435.000,770.000,P2P
0,1,104665.000,105435.000,770.000,BROADCAST
0,2,104665.000,105435.000,770.000,BROADCAST
0,3,104665.000,105435.000,770.000,BROADCAST
1,0,104865.000,105635.000,770.000,P2P
0,3,105465.000,106235.000,770.000,P2P
1,2,105665.000,106435.000,770.000,BROADCAST
1,3,105665.000,106435.000,770.000,BROADCAST
1,0,105665.000,106435.000,770.000,BROADCAST
2,0,105865.000,106635.000,770.000,P2P
0,1,106265.000,107035.000,770.000,BROADCAST
0,2,106265.000,107035.000,770.000,BROADCAST
0,3,106265.000,107035.000,770.000,BROADCAST
1,2,106465.000,107235.000,770.000,BROADCAST
1,3,106465.000,107235.000,770.000,BROADCAST
1,0,106465.000,107235.000,770.000,BROADCAST
2,0,106665.000,107435.000,770.000,P2P
0,2,107065.000,107835.000,770.000,P2P
1,2,107265.000,108035.000,770.000,BROADCAST
1,3,107265.000,108035.000,770.000,BROADCAST
1,0,107265.000,108035.000,770.000,BROADCAST
3,1,107665.000,108435.000,770.000,P2P
0,3,107865.000,108635.000,770.000,P2P
1,2,108065.000,108835.000,770.000,P2P
2,3,108265.000,109035.000,770.000,P2P
3,0,108465.000,109235.000,770.000,P2P
0,3,108665.000,109435.000,770.000,P2P
1,2,108865.000,109635.000,770.000,P2P
2,0,109065.000,109835.000,770.000,P2P
3,2,109265.000,110035.000,770.000,P2P
0,2,109465.000,110235.000,770.000,P2P
2,0,109865.000,110635.000,770.000,P2P
3,2,110065.000,110835.000,770.000,P2P
1,3,110465.000,111235.000,770.000,P2P
2,1,110665.000,111435.000,770.000,P2P
0,1,111065.000,111835.000,770.000,P2P
1,2,111265.000,112035.000,770.000,P2P
3,1,111665.000,112435.000,770.000,P2P
2,1,112265.000,113035.000,770.000,P2P
3,1,112465.000,113235.000,770.000,BROADCAST
3,2,112465.000,113235.000,770.000,BROADCAST
3,0,112465.000,113235.000,770.000,BROADCAST
0,3,112665.000,113435.000,770.000,P2P
2,3,113065.000,113835.000,770.000,P2P
0,3,113465.000,114235.000,770.000,P2P
1,3,113665.000,114435.000,770.000,P2P
2,3,113865.000,114635.000,770.000,P2P
3,2,114065.000,114835.000,770.000,P2P
0,2,114265.000,115035.000,770.000,P2P
1,2,114465.000,115235.000,770.000,BROADCAST
1,3,114465.000,115235.000,770.000,BROADCAST
1,0,114465.000,115235.000,770.000,BROADCAST
3,2,114865.000,115635.000,770.000,P2P
0,1,115065.000,115835.000,770.000,P2P
1,0,115265.000,116035.000,770.000,P2P
3,1,115665.000,116435.000,770.000,P2P
0,2,115865.000,116635.000,770.000,P2P
1,2,116065.000,116835.000,770.000,P2P
2,1,116265.000,117035.000,770.000,P2P
3,0,116465.000,117235.000,770.000,P2P
1,2,116865.000,117635.000,770.000,BROADCAST
1,3,116865.000,117635.000,770.000,BROADCAST
1,0,116865.000,117635.000,770.000,BROADCAST
2,3,117065.000,117835.000,770.000,P2P
3,0,117265.000,118035.000,770.000,P2P
0,1,117465.000,118235.000,770.000,P2P
2,1,117865.000,118635.000,770.000,BROADCAST
2,3,117865.000,118635.000,770.000,BROADCAST
2,0,117865.000,118635.000,770.000,BROADCAST
3,0,118865.000,119635.000,770.000,P2P
1,3,119265.000,120035.000,770.000,P2P
2,1,119465.000,120235.000,770.000,P2P
0,1,119865.000,120635.000,770.000,BROADCAST
0,2,119865.000,120635.000,770.000,BROADCAST
0,3,119865.000,120635.000,770.000,BROADCAST
1,0,120065.000,120835.000,770.000,P2P
2,0,120265.000,121035.000,770.000,P2P
0,3,120665.000,121435.000,770.000,P2P
1,0,120865.000,121635.000,770.000,P2P
3,0,121265.000,122035.000,770.000,P2P
1,2,121665.000,122435.000,770.000,P2P
2,0,121865.000,122635.000,770.000,P2P
3,1,122065.000,122835.000,770.000,BROADCAST
3,2,122065.000,122835.000,770.000,BROADCAST
3,0,122065.000,122835.000,770.000,BROADCAST
0,1,122265.000,123035.000,770.000,P2P
3,2,122865.000,123635.000,770.000,P2P
1,3,123265.000,124035.000,770.000,P2P
3,2,123665.000,124435.000,770.000,P2P
0,1,123865.000,124635.000,770.000,BROADCAST
0,2,123865.000,124635.000,770.000,BROADCAST
0,3,123865.000,124635.000,770.000,BROADCAST
1,3,124065.000,124835.000,770.000,P2P
3,0,124465.000,125235.000,770.000,P2P
1,2,124865.000,125635.000,770.000,P2P
3,1,125265.000,126035.000,770.000,P2P
2,3,125865.000,126635.000,770.000,P2P
3,1,126865.000,127635.000,770.000,BROADCAST
3,2,126865.000,127635.000,770.000,BROADCAST
3,0,126865.000,127635.000,770.000,BROADCAST
0,3,127065.000,127835.000,770.000,P2P
1,2,127265.000,128035.000,770.000,P2P
2,1,127465.000,128235.000,770.000,P2P
0,1,127865.000,128635.000,770.000,BROADCAST
0,2,127865.000,128635.000,770.000,BROADCAST
0,3,127865.000,128635.000,770.000,BROADCAST
1,2,128065.000,128835.000,770.000,P2P
2,0,128265.000,129035.000,770.000,P2P
0,2,128665.000,129435.000,770.000,P2P
2,3,129065.000,129835.000,770.000,P2P
0,3,129465.000,130235.000,770.000,P2P
1,2,129665.000,130435.000,770.000,P2P
1,2,130465.000,131235.000,770.000,BROADCAST
1,3,130465.000,131235.000,770.000,BROADCAST
1,0,130465.000,131235.000,770.000,BROADCAST
2,1,130665.000,131435.000,770.000,BROADCAST
2,3,130665.000,131435.000,770.000,BROADCAST
2,0,130665.000,131435.000,770.000,BROADCAST
3,1,130865.000,131635.000,770.000,P2P
0,2,131065.000,131835.000,770.000,P2P
1,0,132065.000,132835.000,770.000,P2P
2,1,132265.000,133035.000,770.000,P2P
1,2,132865.000,133635.000,770.000,BROADCAST
1,3,132865.000,133635.000,770.000,BROADCAST
1,0,132865.000,133635.000,770.000,BROADCAST
2,0,133065.000,133835.000,770.000,P2P
1,2,133665.000,134435.000,770.000,BROADCAST
1,3,133665.000,134435.000,770.000,BROADCAST
1,0,133665.000,134435.000,770.000,BROADCAST
2,1,133865.000,134635.000,770.000,P2P
3,2,134065.000,134835.000,770.000,P2P
0,3,134265.000,135035.000,770.000,P2P
1,2,134465.000,135235.000,770.000,P2P
1,2,135265.000,136035.000,770.000,P2P
2,1,135465.000,136235.000,770.000,P2P
3,1,135665.000,136435.000,770.000,P2P
0,1,135865.000,136635.000,770.000,P2P
1,0,136065.000,136835.000,770.000,P2P
2,1,136265.000,137035.000,770.000,P2P
3,0,136465.000,137235.000,770.000,P2P
0,2,136665.000,137435.000,770.000,P2P
1,0,136865.000,137635.000,770.000,P2P
2,1,137065.000,137835.000,770.000,BROADCAST
2,3,137065.000,137835.000,770.000,BROADCAST
2,0,137065.000,137835.000,770.000,BROADCAST
3,1,137265.000,138035.000,770.000,BROADCAST
3,2,137265.000,138035.000,770.000,BROADCAST
3,0,137265.000,138035.000,770.000,BROADCAST
0,2,137465.000,138235.000,770.000,P2P
1,0,137665.000,138435.000,770.000,P2P
2,1,137865.000,138635.000,770.000,P2P
0,1,138265.000,139035.000,770.000,BROADCAST
0,2,138265.000,139035.000,770.000,BROADCAST
0,3,138265.000,139035.000,770.000,BROADCAST
2,3,138665.000,139435.000,770.000,P2P
3,2,138865.000,139635.000,770.000,P2P
1,2,139265.000,140035.000,770.000,P2P
2,0,139465.000,140235.000,770.000,P2P
3,1,139665.000,140435.000,770.000,P2P
0,1,139865.000,140635.000,770.000,BROADCAST
0,2,139865.000,140635.000,770.000,BROADCAST
0,3,139865.000,140635.000,770.000,BROADCAST
1,2,140065.000,140835.000,770.000,P2P
1,2,140865.000,141635.000,770.000,P2P
0,3,141465.000,142235.000,770.000,P2P
1,2,141665.000,142435.000,770.000,P2P
2,0,141865.000,142635.000,770.000,P2P
0,2,142265.000,143035.000,770.000,P2P
2,1,142665.000,143435.000,770.000,P2P
3,0,142865.000,143635.000,770.000,P2P
0,3,143865.000,144635.000,770.000,P2P
2,3,144265.000,145035.000,770.000,P2P
1,3,144865.000,145635.000,770.000,P2P
2,1,145065.000,145835.000,770.000,P2P
3,1,145265.000,146035.000,770.000,P2P
0,1,145465.000,146235.000,770.000,P2P
1,2,145665.000,146435.000,770.000,BROADCAST
1,3,145665.000,146435.000,770.000,BROADCAST
1,0,145665.000,146435.000,770.000,BROADCAST
2,1,145865.000,146635.000,770.000,BROADCAST
2,3,145865.000,146635.000,770.000,BROADCAST
2,0,145865.000,146635.000,770.000,BROADCAST
0,1,146265.000,147035.000,770.000,BROADCAST
0,2,146265.000,147035.000,770.000,BROADCAST
0,3,146265.000,147035.000,770.000,BROADCAST
3,2,146865.000,147635.000,770.000,P2P
2,3,147465.000,148235.000,770.000,P2P
0,1,147865.000,148635.000,770.000,BROADCAST
0,2,147865.000,148635.000,770.000,BROADCAST
0,3,147865.000,148635.000,770.000,BROADCAST
1,3,148065.000,148835.000,770.000,P2P
1,2,148865.000,149635.000,770.000,BROADCAST
1,3,148865.000,149635.000,770.000,BROADCAST
1,0,148865.000,149635.000,770.000,BROADCAST
2,0,149065.000,149835.000,770.000,P2P
3,0,149265.000,150035.000,770.000,P2P
2,1,149865.000,150635.000,770.000,P2P
0,3,150265.000,151035.000,770.000,P2P
1,0,150465.000,151235.000,770.000,P2P
3,1,150865.000,151635.000,770.000,P2P
3,1,151665.000,152435.000,770.000,BROADCAST
3,2,151665.000,152435.000,770.000,BROADCAST
3,0,151665.000,152435.000,770.000,BROADCAST
1,0,152065.000,152835.000,770.000,P2P
2,1,152265.000,153035.000,770.000,BROADCAST
2,3,152265.000,153035.000,770.000,BROADCAST
2,0,152265.000,153035.000,770.000,BROADCAST
0,3,152665.000,153435.000,770.000,P2P
1,0,152865.000,153635.000,770.000,P2P
2,1,153065.000,153835.000,770.000,P2P
3,2,153265.000,154035.000,770.000,P2P
1,3,153665.000,154435.000,770.000,P2P
3,0,154065.000,154835.000,770.000,P2P
1,2,154465.000,155235.000,770.000,BROADCAST
1,3,154465.000,155235.000,770.000,BROADCAST
1,0,154465.000,155235.000,770.000,BROADCAST
2,1,154665.000,155435.000,770.000,P2P
0,1,155065.000,155835.000,770.000,P2P
1,0,155265.000,156035.000,770.000,P2P
3,1,155665.000,156435.000,770.000,BROADCAST
3,2,155665.000,156435.000,770.000,BROADCAST
3,0,155665.000,156435.000,770.000,BROADCAST
0,2,155865.000,156635.000,770.000,P2P
1,3,156065.000,156835.000,770.000,P2P
3,1,156465.000,157235.000,770.000,P2P
1,3,156865.000,157635.000,770.000,P2P
2,1,157065.000,157835.000,770.000,P2P
0,3,157465.000,158235.000,770.000,P2P
1,2,157665.000,158435.000,770.000,P2P
3,1,158065.000,158835.000,770.000,P2P
1,2,158465.000,159235.000,770.000,BROADCAST
1,3,158465.000,159235.000,770.000,BROADCAST
1,0,158465.000,159235.000,770.000,BROADCAST
2,3,158665.000,159435.000,770.000,P2P
0,3,159065.000,159835.000,770.000,P2P
1,2,159265.000,160035.000,770.000,P2P
0,1,159865.000,160635.000,770.000,BROADCAST
0,2,159865.000,160635.000,770.000,BROADCAST
0,3,159865.000,160635.000,770.000,BROADCAST
2,1,160265.000,161035.000,770.000,BROADCAST
2,3,160265.000,161035.000,770.000,BROADCAST
2,0,160265.000,161035.000,770.000,BROADCAST
0,3,160665.000,161435.000,770.000,P2P
1,2,160865.000,161635.000,770.000,P2P
2,0,161065.000,161835.000,770.000,P2P
3,2,161265.000,162035.000,770.000,P2P
1,2,161665.000,162435.000,770.000,P2P
2,0,161865.000,162635.000,770.000,P2P
3,0,162065.000,162835.000,770.000,P2P
0,2,162265.000,163035.000,770.000,P2P
1,2,162465.000,163235.000,770.000,P2P
2,3,162665.000,163435.000,770.000,P2P
3,1,162865.000,163635.000,770.000,P2P
0,3,163065.000,163835.000,770.000,P2P
1,3,163265.000,164035.000,770.000,P2P
2,1,163465.000,164235.000,770.000,BROADCAST
2,3,163465.000,164235.000,770.000,BROADCAST
2,0,163465.000,164235.000,770.000,BROADCAST
0,2,163865.000,164635.000,770.000,P2P
1,2,164065.000,164835.000,770.000,P2P
3,0,164465.000,165235.000,770.000,P2P
1,2,164865.000,165635.000,770.000,BROADCAST
1,3,164865.000,165635.000,770.000,BROADCAST
1,0,164865.000,165635.000,770.000,BROADCAST
3,2,165265.000,166035.000,770.000,P2P
0,2,165465.000,166235.000,770.000,P2P
1,2,165665.000,166435.000,770.000,P2P
2,1,165865.000,166635.000,770.000,P2P
1,3,166465.000,167235.000,770.000,P2P
2,1,166665.000,167435.000,770.000,P2P
3,0,166865.000,167635.000,770.000,P2P
1,2,167265.000,168035.000,770.000,BROADCAST
1,3,167265.000,168035.000,770.000,BROADCAST
1,0,167265.000,168035.000,770.000,BROADCAST
3,1,167665.000,168435.000,770.000,P2P
0,1,167865.000,168635.000,770.000,BROADCAST
0,2,167865.000,168635.000,770.000,BROADCAST
0,3,167865.000,168635.000,770.000,BROADCAST
2,3,168265.000,169035.000,770.000,P2P
0,3,168665.000,169435.000,770.000,P2P
1,2,168865.000,169635.000,770.000,BROADCAST
1,3,168865.000,169635.000,770.000,BROADCAST
1,0,168865.000,169635.000,770.000,BROADCAST
2,1,169065.000,169835.000,770.000,P2P
0,1,169465.000,170235.000,770.000,P2P
1,2,169665.000,170435.000,770.000,P2P
3,1,170065.000,170835.000,770.000,P2P
0,2,170265.000,171035.000,770.000,P2P
1,2,170465.000,171235.000,770.000,P2P
2,3,170665.000,171435.000,770.000,P2P
3,0,170865.000,171635.000,770.000,P2P
0,1,171065.000,171835.000,770.000,P2P
1,3,171265.000,172035.000,770.000,P2P
3,1,171665.000,172435.000,770.000,BROADCAST
3,2,171665.000,172435.000,770.000,BROADCAST
3,0,171665.000,172435.000,770.000,BROADCAST
1,3,172065.000,172835.000,770.000,P2P
3,2,172465.000,173235.000,770.000,P2P
0,2,172665.000,173435.000,770.000,P2P
2,1,173065.000,173835.000,770.000,P2P
3,1,173265.000,174035.000,770.000,BROADCAST
3,2,173265.000,174035.000,770.000,BROADCAST
3,0,173265.000,174035.000,770.000,BROADCAST
0,1,173465.000,174235.000,770.000,BROADCAST
0,2,173465.000,174235.000,770.000,BROADCAST
0,3,173465.000,174235.000,770.000,BROADCAST
2,3,173865.000,174635.000,770.000,P2P
0,1,175065.000,175835.000,770.000,P2P
3,1,175665.000,176435.000,770.000,BROADCAST
3,2,175665.000,176435.000,770.000,BROADCAST
3,0,175665.000,176435.000,770.000,BROADCAST
1,0,176065.000,176835.000,770.000,P2P
2,1,176265.000,177035.000,770.000,BROADCAST
2,3,176265.000,177035.000,770.000,BROADCAST
2,0,176265.000,177035.000,770.000,BROADCAST
3,1,176465.000,177235.000,770.000,BROADCAST
3,2,176465.000,177235.000,770.000,BROADCAST
3,0,176465.000,177235.000,770.000,BROADCAST
0,3,176665.000,177435.000,770.000,P2P
1,0,176865.000,177635.000,770.000,P2P
2,3,177065.000,177835.000,770.000,P2P
3,2,177265.000,178035.000,770.000,P2P
0,3,177465.000,178235.000,770.000,P2P
1,2,177665.000,178435.000,770.000,P2P
2,1,177865.000,178635.000,770.000,P2P
0,2,178265.000,179035.000,770.000,P2P
3,1,178865.000,179635.000,770.000,P2P
0,1,179065.000,179835.000,770.000,P2P
1,2,179265.000,180035.000,770.000,P2P
2,3,179465.000,180235.000,770.000,P2P
3,1,179665.000,180435.000,770.000,P2P
1,3,180065.000,180835.000,770.000,P2P
3,1,180465.000,181235.000,770.000,P2P
1,3,180865.000,181635.000,770.000,P2P
2,1,181065.000,181835.000,770.000,P2P
0,1,181465.000,182235.000,770.000,P2P
0,2,182265.000,183035.000,770.000,P2P
1,2,182465.000,183235.000,770.000,P2P
2,0,182665.000,183435.000,770.000,P2P
3,0,182865.000,183635.000,770.000,P2P
1,3,183265.000,184035.000,770.000,P2P
2,3,183465.000,184235.000,770.000,P2P
0,2,183865.000,184635.000,770.000,P2P
1,2,184065.000,184835.000,770.000,P2P
2,0,184265.000,185035.000,770.000,P2P
3,2,184465.000,185235.000,770.000,P2P
0,3,184665.000,185435.000,770.000,P2P
1,0,184865.000,185635.000,770.000,P2P
2,1,185065.000,185835.000,770.000,P2P
3,0,185265.000,186035.000,770.000,P2P
1,3,185665.000,186435.000,770.000,P2P
2,0,185865.000,186635.000,770.000,P2P
3,1,186065.000,186835.000,770.000,BROADCAST
3,2,186065.000,186835.000,770.000,BROADCAST
3,0,186065.000,186835.000,770.000,BROADCAST
1,3,186465.000,187235.000,770.000,P2P
2,1,186665.000,187435.000,770.000,P2P
3,1,186865.000,187635.000,770.000,P2P
0,2,187065.000,187835.000,770.000,P2P
1,3,187265.000,188035.000,770.000,P2P
3,1,187665.000,188435.000,770.000,P2P
1,2,188065.000,188835.000,770.000,P2P
2,1,188265.000,189035.000,770.000,BROADCAST
2,3,188265.000,189035.000,770.000,BROADCAST
2,0,188265.000,189035.000,770.000,BROADCAST
0,3,188665.000,189435.000,770.000,P2P
1,2,188865.000,189635.000,770.000,P2P
2,1,189865.000,190635.000,770.000,P2P
3,0,190065.000,190835.000,770.000,P2P
0,3,190265.000,191035.000,770.000,P2P
1,2,190465.000,191235.000,770.000,P2P
2,1,190665.000,191435.000,770.000,BROADCAST
2,3,190665.000,191435.000,770.000,BROADCAST
2,0,190665.000,191435.000,770.000,BROADCAST
3,2,190865.000,191635.000,770.000,P2P
0,1,191065.000,191835.000,770.000,BROADCAST
0,2,191065.000,191835.000,770.000,BROADCAST
0,3,191065.000,191835.000,770.000,BROADCAST
1,2,191265.000,192035.000,770.000,P2P
3,2,191665.000,192435.000,770.000,P2P
0,2,191865.000,192635.000,770.000,P2P
1,2,192865.000,193635.000,770.000,BROADCAST
1,3,192865.000,193635.000,770.000,BROADCAST
1,0,192865.000,193635.000,770.000,BROADCAST
0,2,193465.000,194235.000,770.000,P2P
2,0,193865.000,194635.000,770.000,P2P
3,1,194065.000,194835.000,770.000,P2P
0,2,194265.000,195035.000,770.000,P2P
1,0,194465.000,195235.000,770.000,P2P
3,2,194865.000,195635.000,770.000,P2P
0,3,195065.000,195835.000,770.000,P2P
1,2,195265.000,196035.000,770.000,P2P
0,3,195865.000,196445.000,580.000,P2P
1,3,196065.000,196645.000,580.000,P2P
0,1,196475.000,197055.000,580.000,P2P
3,2,196885.000,197465.000,580.000,P2P
3,0,197495.000,197895.000,400.000,P2P
0,3,197695.000,198095.000,400.000,P2P
3,1,197925.000,198325.000,400.000,P2P
0,2,198125.000,198525.000,400.000,P2P
0,1,198985.000,199385.000,400.000,BROADCAST
0,2,198985.000,199385.000,400.000,BROADCAST
0,3,198985.000,199385.000,400.000,BROADCAST
3,1,199645.000,200045.000,400.000,P2P
0,2,199845.000,200245.000,400.000,P2P
0,1,200275.000,200675.000,400.000,P2P
0,1,201135.000,201535.000,400.000,P2P
3,1,201365.000,201765.000,400.000,P2P
0,1,201995.000,202395.000,400.000,BROADCAST
0,2,201995.000,202395.000,400.000,BROADCAST
0,3,201995.000,202395.000,400.000,BROADCAST
3,2,202225.000,202625.000,400.000,P2P
3,2,202655.000,203055.000,400.000,P2P
3,1,203085.000,203305.000,220.000,P2P
3,2,203335.000,203555.000,220.000,P2P
3,1,203585.000,203805.000,220.000,P2P
3,0,203835.000,204055.000,220.000,P2P
